{"wavelengths":[1389.48,1390.68,1391.88,1393.08,1394.28,1395.48,1396.68,1397.88,1399.08,1400.28,1401.48,1402.68,1403.88,1405.08,1406.28,1407.48,1408.68,1409.88,1411.08,1412.28,1413.48,1414.68,1415.88,1417.08,1418.28,1419.48,1420.68,1421.88,1423.08,1424.28,1425.48,1426.68,1427.88,1429.08,1430.28,1431.48,1432.68,1433.88,1435.08,1436.28,1437.48,1438.68,1439.88,1441.08,1442.28,1443.48,1444.68,1445.88,1447.08,1448.28,1449.48,1450.68,1451.88,1453.08,1454.28,1455.48,1456.68,1457.88,1459.08,1460.28,1461.48,1462.68,1463.88,1465.08,1466.28,1467.48,1468.68,1469.88,1471.08,1472.28,1473.48,1474.68,1475.88,1477.08,1478.28,1479.48,1480.68,1481.88,1483.08,1484.28,1485.48,1486.68,1487.88,1489.08,1490.28,1491.48,1492.68,1493.88,1495.08,1496.28,1497.48,1498.68,1499.88,1501.08,1502.28,1503.48,1504.68,1505.88,1507.08,1508.28,1509.48,1510.68,1511.88,1513.08,1514.28,1515.48,1516.68,1517.88,1519.08,1520.28,1521.48,1522.68,1523.88,1525.08,1526.28,1527.48,1528.68,1529.88,1531.08,1532.28,1533.48,1534.68,1535.88,1537.08,1538.28,1539.48,1540.68,1541.88,1543.08,1544.28,1545.48,1546.68,1547.88,1549.08,1550.28,1551.48,1552.68,1553.88,1555.08,1556.28,1557.48,1558.68,1559.88,1561.08,1562.28,1563.48,1564.68,1565.88,1567.08,1568.28,1569.48,1570.68,1571.88,1573.08,1574.28,1575.48,1576.68,1577.88,1579.08,1580.28,1581.48,1582.68,1583.88,1585.08,1586.28,1587.48,1588.68,1589.88,1591.08,1592.28,1593.48,1594.68,1595.88,1597.08,1598.28,1599.48,1600.68,1601.88,1603.08,1604.28,1605.48,1606.68,1607.88,1609.08,1610.28,1611.48,1612.68,1613.88,1615.08,1616.28,1617.48,1618.68,1619.88,1621.08,1622.28,1623.48,1624.68,1625.88,1627.08,1628.28,1629.48,1630.68,1631.88,1633.08,1634.28,1635.48,1636.68,1637.88,1639.08,1640.28,1641.48,1642.68,1643.88,1645.08,1646.28,1647.48,1648.68,1649.88,1651.08,1652.28,1653.48,1654.68,1655.88,1657.08,1658.28,1659.48,1660.68,1661.88,1663.08,1664.28,1665.48,1666.68,1667.88,1669.08,1670.28,1671.48,1672.68,1673.88,1675.08,1676.28,1677.48,1678.68,1679.88,1681.08,1682.28,1683.48,1684.68,1685.88,1687.08,1688.28],"zero_subtracted":[7.343154761904762e-12,0.0,0.0,5.7945982142857114e-12,2.0875148809523814e-12,2.0747068452380957e-11,3.349241071428571e-11,2.502964285714286e-11,0.0,0.0,0.0,2.1659047619047616e-11,0.0,4.1038244047619045e-11,0.0,0.0,4.297425595238098e-12,1.658602678571428e-11,0.0,3.8842261904761895e-12,0.0,0.0,1.6350327380952372e-11,7.932023809523816e-12,1.3659791666666687e-11,0.0,2.5962514880952387e-11,2.591330357142857e-11,1.4869330357142855e-11,8.729166666666672e-12,2.809360119047619e-11,2.388898809523813e-12,3.7442693452380947e-11,4.2171592261904765e-11,7.904747023809525e-12,3.156278273809524e-11,8.780818452380947e-12,1.4324657738095246e-11,0.0,1.3706101190476193e-11,0.0,5.55575892857143e-12,0.0,0.0,0.0,7.759910714285717e-12,0.0,6.333333333333331e-12,2.460535714285715e-11,1.83603125e-11,1.0170163690476193e-11,2.429391369047619e-11,6.798541666666668e-12,4.648001488095238e-11,0.0,1.958412202380952e-11,0.0,4.0649151785714285e-11,5.390065476190476e-11,2.086754464285714e-11,4.7590193452380976e-11,7.539528273809526e-11,2.9394270833333335e-11,4.560165178571428e-11,6.461114583333336e-11,7.606793154761908e-11,5.671212797619049e-11,7.561699404761905e-11,9.923882440476192e-11,9.494318452380953e-11,8.466800595238095e-11,8.442175595238095e-11,9.687641369047618e-11,1.0575011904761904e-10,1.2246714285714284e-10,1.250966964285714e-10,1.4195328869047622e-10,1.4766641369047623e-10,1.6841482142857138e-10,1.6631264880952384e-10,1.1214580357142859e-10,1.8530377976190478e-10,1.4977446428571427e-10,1.7710587797619047e-10,1.8186418154761904e-10,1.7315828869047616e-10,2.22907380952381e-10,1.8063705357142855e-10,1.8685330357142855e-10,2.1351974702380953e-10,1.932994642857143e-10,2.333091666666666e-10,2.0219186011904757e-10,2.343441964285715e-10,2.2873046130952382e-10,1.9164075892857146e-10,2.1572761904761902e-10,2.4727132440476194e-10,2.6091052083333336e-10,2.4275084821428573e-10,2.397535267857143e-10,2.38341056547619e-10,2.485137648809524e-10,2.5933483630952385e-10,2.3639214285714286e-10,2.5040113095238086e-10,2.3214120535714286e-10,2.375238839285714e-10,2.5373693452380953e-10,2.5036830357142856e-10,2.5568757440476184e-10,2.1550974702380954e-10,2.8664052083333333e-10,2.530273660714286e-10,2.4068611607142863e-10,2.6379665178571433e-10,2.5777017857142864e-10,2.3872010416666664e-10,2.498436160714285e-10,2.3243226190476188e-10,2.3099047619047618e-10,2.321469791666667e-10,2.4951025297619044e-10,2.6190739583333324e-10,2.4594370535714287e-10,2.4239857142857137e-10,2.493230505952381e-10,2.631818154761905e-10,2.700690178571429e-10,2.347390922619048e-10,2.4889418154761906e-10,2.483159226190476e-10,2.3340806547619044e-10,2.380942261904762e-10,2.333260416666667e-10,2.242881398809524e-10,2.3227026785714287e-10,2.565742857142857e-10,2.3162184523809517e-10,2.6483415178571423e-10,1.8690541666666667e-10,2.651237946428571e-10,2.4241742559523807e-10,2.4461119047619043e-10,2.0052412202380953e-10,2.2835395833333328e-10,2.1706989583333334e-10,2.1027599702380952e-10,2.0283572916666669e-10,2.3442014880952383e-10,2.335110416666667e-10,1.9616452380952377e-10,2.105101785714285e-10,2.1018581845238094e-10,1.9586284226190475e-10,1.8491419642857143e-10,2.0481147321428567e-10,1.8856691964285718e-10,2.0719720238095241e-10,2.150062351190476e-10,1.5741605654761904e-10,1.482236011904762e-10,1.6468407738095244e-10,1.6377953869047615e-10,1.5997089285714284e-10,1.6333955357142856e-10,1.803236755952381e-10,1.459904613095238e-10,1.3174766369047618e-10,1.5701577380952382e-10,1.5862782738095236e-10,1.6540709821428573e-10,1.4092308035714281e-10,1.1872141369047616e-10,1.1127084821428573e-10,1.2957601190476192e-10,1.3410473214285717e-10,1.0759755952380951e-10,1.1787221726190473e-10,1.2296839285714287e-10,7.770220238095239e-11,8.217244047619048e-11,8.095569940476191e-11,9.24125e-11,8.336724702380953e-11,5.87209523809524e-11,5.1190342261904766e-11,8.024016369047619e-11,7.571764880952382e-11,6.346877976190475e-11,5.700669642857145e-11,4.7658928571428576e-11,3.9362797619047623e-11,7.588855654761906e-11,2.1248422619047625e-11,1.7858764880952374e-11,5.265029761904796e-13,3.6832291666666765e-12,7.659258928571428e-11,1.1521800595238096e-11,4.03789880952381e-11,0.0,3.173937499999999e-11,1.6621473214285723e-11,2.5846279761904867e-12,1.1393154761904762e-11,1.6949508928571427e-11,1.1336160714285745e-12,0.0,9.716889880952397e-12,7.327217261904758e-12,9.463110119047628e-12,5.365922619047632e-12,0.0,9.779925595238099e-12,0.0,0.0,4.328050595238101e-12,0.0,7.172752976190476e-12,0.0,0.0,0.0,0.0,0.0,3.3021696428571435e-11,6.73119047619048e-12,0.0,4.924613095238096e-12,0.0,2.672348214285714e-11,0.0,0.0,7.826547619047621e-12,0.0,3.573742559523808e-11,7.616898809523809e-11,0.0,6.974577380952382e-11,0.0,5.277092261904763e-11,9.546296130952381e-11,2.5688497023809517e-11,2.350148809523813e-12,7.687242559523811e-11,1.818752976190477e-11,2.2858303571428567e-11,0.0,0.0,6.50924107142857e-12],